{"cameraMode":{"drawMode":0,"name":"Shaded","section":"Shading Mode"},"sceneLighting":true,"audioPlay":false,"sceneViewState":{"m_AlwaysRefresh":false,"showFog":true,"showSkybox":true,"showFlares":true,"showImageEffects":true,"showParticleSystems":true,"showVisualEffectGraphs":true,"m_FxEnabled":true},"in2DMode":false,"pivot":{"x":1.0582982301712037,"y":0.658806324005127,"z":-11.731894493103028},"rotation":{"x":0.005326084792613983,"y":0.9946804642677307,"z":-0.0750502198934555,"w":0.07054204493761063},"size":6.953886032104492,"orthographic":false}