{"cameraMode":{"drawMode":0,"name":"Shaded","section":"Shading Mode"},"sceneLighting":false,"audioPlay":false,"sceneViewState":{"m_AlwaysRefresh":false,"showFog":true,"showSkybox":false,"showFlares":true,"showImageEffects":true,"showParticleSystems":true,"showVisualEffectGraphs":true,"m_FxEnabled":true},"in2DMode":false,"pivot":{"x":0.03725244104862213,"y":1.095544695854187,"z":-0.3380678594112396},"rotation":{"x":-0.16930964589118958,"y":-0.6916050314903259,"z":0.17146146297454835,"w":-0.6812044382095337},"size":2.0660252571105959,"orthographic":false}